Label,Average Intensity
1,83.97101449275362
2,83.75
3,83.46666666666667
